class,balanced_acc,accuracy,precision,AUPRC,recall,f1,fbeta,roc_auc,jaccard,mcc
Gentamicin,0.7116955694104561,0.7756962656974793,0.897433497502685,0.9344352163124088,0.8166565910072947,0.8500524301443063,0.8287714091232384,0.796467116123223,0.7443489939972783,0.3821952900951387
Tetracycline,0.5798613193403298,0.6452283263206482,0.46465367965367965,0.4678110309507176,0.43057471264367814,0.40797199299824954,0.41440070108306115,0.6206172721462397,0.26726062467997946,0.1798550347702948
