Metric,Mean,SD
valid_loss,0.419273663,0.154244883
masked_acc,0.773858316,0.068678437
masked_precision,0.806674213,0.083780567
masked_auprc,0.745486673,0.079485759
masked_recall,0.72215214,0.05259785
masked_f1,0.744685976,0.04654264
masked_fbeta,0.728530325,0.048497911
masked_auc,0.696713579,0.033609629
masked_jaccard,0.684079239,0.062577036
masked_hamming,0.226141686,0.068678435
masked_mcc,0.237436355,0.024047502
masked_balanced_acc,0.626410228,0.033184379
