class,balanced_acc,accuracy,precision,AUPRC,recall,f1,fbeta,roc_auc,jaccard,mcc
Gentamicin,0.06647638888174454,0.08249884442008112,0.07066066184884291,0.0463600162979939,0.11744877910033043,0.07049568023635229,0.09878876770811283,0.05189871974003597,0.1048364487228399,0.0692496753557472
Tetracycline,0.06046164915025313,0.06855486347673176,0.2407155547114005,0.15407474493349843,0.26255280635924183,0.17162472922892252,0.21498024654424966,0.03481664257500757,0.12798515076799843,0.13925243307675453
