class,accuracy,precision,AUPRC,recall,f1,fbeta,roc_auc,jaccard,mcc
Amoxicillin-Clavulanic acid,0.8167305946350097,0.9305555362501661,0.9601560413854621,0.8126015322547749,0.8491623937837612,0.8244087893154541,0.8868856236778404,0.7548937928995396,0.46978593528443324
Ampicillin,0.8272820591926575,0.9216542698093322,0.9494990156682181,0.8107845424887256,0.8575486894240093,0.827886802099213,0.9162290652774889,0.757494770173458,0.6184701742736853
Cefoxitin,0.9122029304504394,0.9296869043554251,0.9672169197311671,0.9603184823976665,0.9414686057338948,0.9517538432533387,0.9068567670929004,0.8948264888519836,0.663233720631939
Ceftiofur,0.9193838596343994,0.9396765792752128,0.9758238566671622,0.9545729235521947,0.9452402727640236,0.950340232012965,0.925147008318417,0.9008995958016749,0.6874340196191451
Ceftriaxone,0.9357848167419434,0.9682472064344034,0.9860130067679638,0.9520177226264325,0.9596474376607409,0.9549589422723095,0.925098099887007,0.9248633204679221,0.6959594436505597
Chloramphenicol,0.8884205341339111,0.9707243845946666,0.9749390960374757,0.9091502139898461,0.9285905801962236,0.9152015800612334,0.6922082646987976,0.8839817275901585,0.3072615539176968
Gentamicin,0.8827707767486572,0.9562301686010436,0.9691831135384408,0.8906294282734114,0.9155574958611623,0.8991947651343816,0.8628953156821076,0.8535144510980907,0.43015610703074714
Tetracycline,0.7706409931182862,0.8000729410820908,0.8612006858384336,0.6525149141001461,0.6268918005560535,0.6318700043054302,0.8911878959719965,0.5005714868828689,0.5058901104462274
