class,accuracy,precision,AUPRC,recall,f1,fbeta,roc_auc,jaccard,mcc
Amoxicillin-Clavulanic acid,0.07815876213312878,0.051625803098004124,0.022219059504847982,0.2127606853285944,0.13633259447655185,0.187079954598754,0.03355994014710231,0.17971493907558495,0.138483552511189
Ampicillin,0.06144064253839002,0.037178732509161434,0.0351022229515498,0.1351893129054268,0.08226714458916033,0.11526701550753994,0.029495146801817442,0.11950892886513267,0.12261094742598024
Cefoxitin,0.0834232106120736,0.11171117904330373,0.05194439074694515,0.03723983427168253,0.06529048639100744,0.040225138723192985,0.04631528031519656,0.10983694205970523,0.07963012702188277
Ceftiofur,0.07523324717168788,0.09261261326692115,0.03871932652961989,0.04445317131257671,0.06034715359891016,0.04664064818343183,0.05482304862368786,0.10347447755590836,0.09339803207761387
Ceftriaxone,0.05871606277784124,0.026372391742709923,0.017222881864476056,0.06115295407075082,0.042173283702857604,0.053467027653648636,0.03928684619699411,0.07520133827088325,0.09355300430108339
Chloramphenicol,0.17866508142276652,0.007688342182893822,0.01293187262424085,0.19666189991043098,0.12324412769837086,0.17101780206339331,0.14043444788338877,0.18780081513406535,0.2515130145469323
Gentamicin,0.0920722375493799,0.018655054836807818,0.015670857987787213,0.15608474479073925,0.08895196028499112,0.13133766015342604,0.08301885916006023,0.14108255456577556,0.28587955177194097
Tetracycline,0.0983289444274692,0.1423464257210842,0.10522484964695694,0.408665452159685,0.2694336263954111,0.3531764063355794,0.084859089606938,0.2811329542674592,0.17990135298483093
