Metric,Mean,SD
valid_loss,0.247528747,0.088515063
masked_acc,0.869152071,0.040471914
masked_precision,0.917685272,0.029499584
masked_auprc,0.828303367,0.071503429
masked_recall,0.867414018,0.079645123
masked_f1,0.872747006,0.062919284
masked_fbeta,0.86590321,0.072470079
masked_auc,0.831056046,0.039505352
masked_jaccard,0.808216605,0.082696559
masked_hamming,0.13084793,0.040471914
masked_mcc,0.447973813,0.064523155
