class,balanced_acc,accuracy,precision,AUPRC,recall,f1,fbeta,roc_auc,jaccard,mcc
Gentamicin,0.13066202701500307,0.13879408065600662,0.09481615080624327,0.12674220954180984,0.21414900487966715,0.1569924553983171,0.19174728771191946,0.13815960472650105,0.20647400160614188,0.26269079496362474
Tetracycline,0.08941828325726242,0.10193617256843998,0.03845350070828868,0.06490827627171114,0.18006898153133455,0.11551757351100436,0.1554311116078984,0.10539476824293928,0.14299873236787117,0.17147433094777778
