Metric,Mean,SD
valid_loss,0.456182599,0.106081382
masked_acc,0.739492016,0.104665635
masked_precision,0.713635721,0.076666972
masked_auprc,0.703729502,0.028160113
masked_recall,0.684370985,0.180659523
masked_f1,0.675097612,0.133922234
masked_fbeta,0.676383019,0.1615761
masked_auc,0.67920963,0.029135245
masked_jaccard,0.61605237,0.173946604
masked_hamming,0.260507989,0.104665635
masked_mcc,0.268093198,0.070789773
masked_balanced_acc,0.639659039,0.033962948
