class,balanced_acc,accuracy,precision,AUPRC,recall,f1,fbeta,roc_auc,jaccard,mcc
Gentamicin,0.7270178149116325,0.7701662421226502,0.8028631520799555,0.8114727614033445,0.788650306058768,0.7911272943186999,0.7886582307051635,0.755237861971339,0.6758193817910975,0.4839510589977687
Tetracycline,0.6875977780462253,0.7202271223068237,0.764781272559196,0.8134046933500259,0.7313600416760236,0.7413742754845607,0.7340513196154648,0.7600558350060649,0.5995238827740033,0.3881468858329483
