class,accuracy,precision,AUPRC,recall,f1,fbeta,roc_auc,jaccard,mcc
Amoxicillin-Clavulanic acid,0.8492934346199036,0.9141740644089072,0.9572038922586797,0.8757338067903178,0.8915658358080669,0.8813633531936347,0.8720516074530218,0.8097076249742589,0.5129663057365119
Ampicillin,0.8632391214370727,0.9105023804403143,0.9491250386377118,0.8665963636959514,0.8771556920986031,0.8690035334124889,0.9177699308251354,0.7984861471103126,0.6661243895714304
Cefoxitin,0.9274757504463196,0.9459910961290415,0.9733947822648489,0.95213145161248,0.9484997355277791,0.9505342377532454,0.9178170587274714,0.9078935331258456,0.6922467994238738
Ceftiofur,0.9315227270126343,0.9500330775047929,0.9788278105990453,0.9489545839935385,0.949369510404459,0.949090617448807,0.9288982281704273,0.9108133908151842,0.7237392712493337
Ceftriaxone,0.9286074280738831,0.9781127165253561,0.9858162630960943,0.9289706127715457,0.9513771886658773,0.9374925054643489,0.9240476184081519,0.913629782206673,0.7261603030086043
Gentamicin,0.9115002751350403,0.9680946551689807,0.9720051021938788,0.9198721837743179,0.9425111399597224,0.9286062905466942,0.8885480981749811,0.8937204462598587,0.6531433864074929
Tetracycline,0.796887731552124,0.770461418268978,0.873432088733923,0.8505901065374196,0.7897942224374395,0.8201162297305121,0.894660173964653,0.6648427577626133,0.6219538114350958
