Metric,Mean,SD
valid_loss,1.434416962,1.784256993
masked_acc,0.882408321,0.040421583
masked_precision,0.677012734,0.096757772
masked_auprc,0.750285436,0.106513643
masked_recall,0.650470405,0.145656527
masked_f1,0.623169267,0.095982957
masked_fbeta,0.629265883,0.118436916
masked_auc,0.861954843,0.050491048
masked_jaccard,0.586409378,0.068364121
masked_hamming,0.117591719,0.040421582
masked_mcc,0.568165615,0.094710152
