class,accuracy,precision,AUPRC,recall,f1,fbeta,roc_auc,jaccard,mcc
Amoxicillin-Clavulanic acid,0.8468202590942383,0.639655041262843,0.7274904714921171,0.6172335754437107,0.6136492234321026,0.6120431263576147,0.8882653890478347,0.4532252864109748,0.5261881962643945
Ampicillin,0.813568377494812,0.7381501964351734,0.8526901856696523,0.7600062406267855,0.7107876703752813,0.7222178936355672,0.9052889962500572,0.5679242320752158,0.6159815961020384
Cefoxitin,0.916706645488739,0.8169997254989726,0.8268902667121489,0.7055060125503999,0.7256604821019104,0.70956545802302,0.9127463263154636,0.5922064940709009,0.705928212164533
Ceftiofur,0.9211992621421814,0.8453210219240754,0.8544311322931977,0.717736429209671,0.7470562836753517,0.7261498939029721,0.9335366857422341,0.6307255217068789,0.7296232765110069
Ceftriaxone,0.944764244556427,0.7838223364446445,0.787031975697431,0.7303585679501011,0.7397095631641086,0.7310832044817538,0.9333859137993121,0.6029203728078922,0.7203471258046269
Gentamicin,0.9092523336410523,0.6667544211561263,0.7233831227700257,0.7087048933048397,0.6451497355545939,0.6720288861741682,0.8883012811167508,0.4861641582257018,0.6135793326505959
Tetracycline,0.8245468378067017,0.853244455279065,0.8534714386283564,0.8077749959622006,0.8272075529799701,0.8149092316533464,0.8661285305468318,0.7125978410259253,0.6291288552138725
