class,accuracy,precision,AUPRC,recall,f1,fbeta,roc_auc,jaccard,mcc
Amoxicillin-Clavulanic acid,0.055683031452984706,0.12902204600469988,0.170955552365893,0.21916958927718938,0.13445719006058146,0.17781449463982515,0.05245942935557739,0.1365331250620989,0.14716760209841565
Ampicillin,0.11795500592433122,0.2567017881212272,0.06549555594326328,0.11154332859820967,0.1561423314616474,0.07129131504934394,0.0477122547174373,0.1717982472864002,0.17236698777895756
Cefoxitin,0.11840129732417196,0.1448043210131686,0.13462688993176863,0.255208607347875,0.1742707708760172,0.2252978616537647,0.06456211535263029,0.20880697664997672,0.18539530262527742
Ceftiofur,0.12213745094360154,0.1372616883878931,0.15081555029085744,0.27920523710806344,0.2101431637590574,0.2559668543753499,0.06745877796567584,0.257656509209203,0.2195780027231445
Ceftriaxone,0.05587817294639767,0.12343665618497277,0.12124274899393694,0.2217578218648056,0.14319096487356348,0.18939362690216455,0.04921637166355172,0.17602128591257912,0.1494185382639746
Gentamicin,0.04102776297875447,0.22550292104470213,0.11682664937489956,0.17928603276450897,0.12263680784066458,0.13905057545227914,0.048232448062220025,0.13826503045309207,0.0901383325258356
Tetracycline,0.07228662604248322,0.05069366135830784,0.0901706096697135,0.12215696592292229,0.08385269203485819,0.1073503197440136,0.07023081922480172,0.1273507596718822,0.11020497208736305
