Drug,cards_accuracy,cards_precision,cards_recall,cards_f1,cards_fbeta,cards_roc_auc,cards_jaccard,cards_hamming,cards_mcc,cards_n_samples,ncbi_accuracy,ncbi_precision,ncbi_recall,ncbi_f1,ncbi_fbeta,ncbi_roc_auc,ncbi_jaccard,ncbi_hamming,ncbi_mcc,ncbi_n_samples,resfinder_accuracy,resfinder_precision,resfinder_recall,resfinder_f1,resfinder_fbeta,resfinder_roc_auc,resfinder_jaccard,resfinder_hamming,resfinder_mcc,resfinder_n_samples
Gentamicin,0.40828701364325415,0.10526315789473684,0.0017301038062283738,0.003404255319148936,0.002153779883695886,0.4905369838593717,0.0017050298380221654,0.5917129863567459,-0.09566070451440808,1979.0,0.5940390544707091,0.5970313358988455,0.9501312335958005,0.7332883187035787,0.849632295415428,0.5186521672337658,0.5788912579957356,0.40596094552929085,0.0743570196359334,1946.0,0.5873586844809866,0.5873586844809866,1.0,0.7400453221107154,0.8768027002147898,0.5,0.5873586844809866,0.41264131551901334,0.0,1946.0
Tetracycline,0.4110236220472441,1.0,0.0008904719501335708,0.0017793594306049821,0.001112842198976185,0.5004452359750667,0.0008904719501335708,0.5889763779527559,0.019124056864266967,1905.0,0.3956639566395664,0.5714285714285714,0.0035842293906810036,0.007123775601068566,0.004473272198613286,0.4997345015266162,0.0035746201966041107,0.6043360433604336,-0.004222465519484465,1845.0,0.5468834688346883,0.6186440677966102,0.6541218637992832,0.6358885017421603,0.6467044649184975,0.5184189565909996,0.4661558109833972,0.45311653116531164,0.03750930827195152,1845.0
