Drug,cards_accuracy,cards_precision,cards_recall,cards_f1,cards_fbeta,cards_roc_auc,cards_jaccard,cards_hamming,cards_mcc,cards_n_samples,ncbi_accuracy,ncbi_precision,ncbi_recall,ncbi_f1,ncbi_fbeta,ncbi_roc_auc,ncbi_jaccard,ncbi_hamming,ncbi_mcc,ncbi_n_samples,resfinder_accuracy,resfinder_precision,resfinder_recall,resfinder_f1,resfinder_fbeta,resfinder_roc_auc,resfinder_jaccard,resfinder_hamming,resfinder_mcc,resfinder_n_samples
Gentamicin,0.17700957934194086,0.0,0.0,0.0,0.0,0.5,0.0,0.8229904206580592,0.0,2401.0,0.8209079550187421,0.822890559732665,0.9969635627530364,0.9016018306636155,0.9564964070693338,0.4996582519647535,0.8208333333333333,0.1790920449812578,-0.004838523605938388,2401.0,0.851985559566787,0.851985559566787,1.0,0.9200779727095516,0.9664209664209664,0.5,0.851985559566787,0.148014440433213,0.0,2216.0
Tetracycline,0.6832844574780058,0.0,0.0,0.0,0.0,0.5,0.0,0.31671554252199413,0.0,341.0,0.41935483870967744,0.30434782608695654,0.6481481481481481,0.41420118343195267,0.5287009063444109,0.4807264345890956,0.26119402985074625,0.5806451612903226,-0.038269826085412295,341.0,0.5676691729323309,0.3125,0.15463917525773196,0.20689655172413793,0.1720183486238532,0.47968645153419137,0.11538461538461539,0.4323308270676692,-0.05085060732888506,266.0
