Drug,cards_accuracy,cards_precision,cards_recall,cards_f1,cards_fbeta,cards_roc_auc,cards_jaccard,cards_hamming,cards_mcc,cards_n_samples,ncbi_accuracy,ncbi_precision,ncbi_recall,ncbi_f1,ncbi_fbeta,ncbi_roc_auc,ncbi_jaccard,ncbi_hamming,ncbi_mcc,ncbi_n_samples,resfinder_accuracy,resfinder_precision,resfinder_recall,resfinder_f1,resfinder_fbeta,resfinder_roc_auc,resfinder_jaccard,resfinder_hamming,resfinder_mcc,resfinder_n_samples
Gentamicin,0.13611329661683713,0.0,0.0,0.0,0.0,0.5,0.0,0.8638867033831629,0.0,5084.0,0.8631202691337259,0.8631202691337259,1.0,0.9265319941315878,0.9692576501700038,0.5,0.8631202691337259,0.13687973086627417,0.0,4756.0,0.8630465162707127,0.8630465162707127,1.0,0.9264894984997857,0.9692390475763418,0.5,0.8630465162707127,0.13695348372928728,0.0,5009.0
Tetracycline,0.5542879622344611,0.0,0.0,0.0,0.0,0.5,0.0,0.44571203776553897,0.0,5084.0,0.4838099243061396,0.41173495194739507,0.3865147198480532,0.39872642664707325,0.39130852802615135,0.4738233976598757,0.24900581217497705,0.5161900756938604,-0.05276522367832775,4756.0,0.5522060291475345,0.49663526244952894,0.49685816876122085,0.4967466905990577,0.4968135714926847,0.5467030865381077,0.33044776119402985,0.4477939708524656,0.093402012634245,5009.0
