Metric,Mean,SD
valid_loss,0.504686427,0.158165653
masked_acc,0.818642825,0.038283851
masked_precision,0.816785333,0.053263529
masked_auprc,0.847970914,0.032863775
masked_recall,0.820060783,0.058172421
masked_f1,0.800663102,0.059445421
masked_fbeta,0.806905075,0.059904302
masked_auc,0.80030536,0.046501691
masked_jaccard,0.718651945,0.065531521
masked_hamming,0.181357176,0.038283854
masked_mcc,0.415444692,0.123953516
