class,balanced_acc,accuracy,precision,AUPRC,recall,f1,fbeta,roc_auc,jaccard,mcc
Gentamicin,0.7842217685422,0.833123779296875,0.9155924283491993,0.9566303488752119,0.8706740347146539,0.8905644442574507,0.8780758462885035,0.8765395758963329,0.8056343324762402,0.541631267367102
Tetracycline,0.8291428278511989,0.834809422492981,0.7926531262266981,0.8547861723601043,0.852954853265319,0.8195448695492624,0.8386245152102203,0.8953967499468274,0.7011369121782632,0.6555264512985486
