Metric,Mean,SD
Validation Loss,0.502341729,0.148595871
Balanced Accuracy,0.757007407,0.043522883
Accuracy,0.82413084,0.042640837
Precision,0.835774988,0.056003841
AUPRC,0.886989175,0.058038183
Recall,0.83762782,0.024780297
F1 score,0.821861338,0.039611407
Fbeta,0.826346478,0.032094562
ROC AUC,0.840779152,0.043793669
Jaccard,0.743013899,0.049297694
MCC,0.488335392,0.086691131
