class,accuracy,precision,AUPRC,recall,f1,fbeta,roc_auc,jaccard,mcc
Gentamicin,0.8411865472793579,0.9043244618584187,0.9434626114685993,0.8977326170087606,0.8983082107892825,0.8973311717935892,0.8298576708224095,0.8168481238217986,0.46683809517354324
Tetracycline,0.8050778627395629,0.7841216028730329,0.8561673870416373,0.8030806510425043,0.7908580019650544,0.7975227672418098,0.8723197573973913,0.6623521717488934,0.5852406519923745
