Drug,Balanced Accuracy,Accuracy,Precision,AUPRC,Recall,F1 score,Fbeta,ROC AUC,Jaccard,MCC
Gentamicin,0.067232212,0.068516555,0.043526099,0.026699804,0.085303227,0.05090011,0.070690396,0.063318958,0.079472333,0.132359982
Tetracycline,0.04090637,0.042774675,0.118402314,0.122788738,0.051350761,0.087430753,0.06572725,0.038069368,0.116102158,0.094417815
