Metric,Mean,SD
valid_loss,0.502341729,0.148595871
masked_acc,0.82413084,0.042640837
masked_precision,0.835774988,0.056003841
masked_auprc,0.886989175,0.058038183
masked_recall,0.83762782,0.024780297
masked_f1,0.821861338,0.039611407
masked_fbeta,0.826346478,0.032094562
masked_auc,0.840779152,0.043793669
masked_jaccard,0.743013899,0.049297694
masked_hamming,0.175869162,0.042640834
masked_mcc,0.488335392,0.086691131
masked_balanced_acc,0.757007407,0.043522883
