class,accuracy,precision,AUPRC,recall,f1,fbeta,roc_auc,jaccard,mcc
Gentamicin,0.02648751855365911,0.052607529457253645,0.025707041354351163,0.0316892881196544,0.016041604008602984,0.01601682155704201,0.05293740474755875,0.02711730965657547,0.10376556773049408
Tetracycline,0.06952562413272861,0.08134976199290583,0.05951946805191433,0.06645517501537507,0.06960594745050581,0.06540019032533938,0.03693057012290343,0.09151989255171464,0.12531078192324926
