Drug,Balanced Accuracy,Accuracy,Precision,AUPRC,Recall,F1 score,Fbeta,ROC AUC,Jaccard,MCC
Gentamicin,0.784221769,0.833123779,0.915592428,0.956630349,0.870674035,0.890564444,0.878075846,0.876539576,0.805634332,0.541631267
Tetracycline,0.829142828,0.834809422,0.792653126,0.854786172,0.852954853,0.81954487,0.838624515,0.89539675,0.701136912,0.655526451
