class,balanced_acc,accuracy,precision,AUPRC,recall,f1,fbeta,roc_auc,jaccard,mcc
Gentamicin,0.06723221248741834,0.06851655492416996,0.04352609886652728,0.02669980387558554,0.08530322749166411,0.05090011011818519,0.07069039616365284,0.0633189577843226,0.07947233348585035,0.13235998191767448
Tetracycline,0.040906369529402194,0.042774674625074983,0.11840231428599138,0.12278873791523769,0.051350760770889715,0.087430752552996,0.06572724969234991,0.03806936761502572,0.11610215753846266,0.0944178154515213
