class,accuracy,precision,AUPRC,recall,f1,fbeta,roc_auc,jaccard,mcc
Gentamicin,0.8601552367210388,0.8978555829878305,0.9524232061206976,0.9334965588807623,0.9138473978683311,0.9251573893401004,0.863589412771988,0.841682269664276,0.548458900679879
Tetracycline,0.77893625497818,0.7235108967060138,0.8405955395731258,0.844471240296202,0.7780455885637231,0.8161801950822414,0.8650057018225308,0.6408927180645909,0.5432083758814423
