class,accuracy,precision,AUPRC,recall,f1,fbeta,roc_auc,jaccard,mcc
Ampicillin,0.05642468191033259,0.07338936438542208,0.07253731662650525,0.11670307474536751,0.09705416061922573,0.10973829034927972,0.05618325779739762,0.08158942087017837,0.09813801848893218
Cefuroxime,0.04680268779654969,0.07013713340010527,0.06106338080990868,0.23287280492370838,0.1332296611920263,0.19371293076872237,0.06164046695123064,0.16628623158299088,0.26389428237732726
Ciprofloxacin,0.03946446534499307,0.05779893754484043,0.055570878247906054,0.10483453773145908,0.04226868121888087,0.07583409562055797,0.022682704220574078,0.06352273269179091,0.28135139284293925
Gentamicin,0.16927206102911402,0.033317005636459784,0.04897943951368868,0.28824380548733314,0.2053051989337423,0.25999744475021086,0.07345816719348977,0.24268982849973428,0.1710441703037526
