Metric,Mean,SD
valid_loss,0.633843118,0.104480587
masked_acc,0.775585252,0.024156369
masked_precision,0.701560583,0.052962029
masked_auprc,0.693848723,0.013678925
masked_recall,0.6359766,0.150768562
masked_f1,0.632152422,0.112321597
masked_fbeta,0.62823691,0.133604533
masked_auc,0.713825294,0.04625707
masked_jaccard,0.574793574,0.118608919
masked_hamming,0.224414755,0.024156366
masked_mcc,0.220642319,0.126463084
