class,accuracy,precision,AUPRC,recall,f1,fbeta,roc_auc,jaccard,mcc
Ampicillin,0.7897589206695557,0.5893178345736823,0.5401349708033991,0.43127661659366395,0.49325753433345376,0.4533566124569128,0.793396961027332,0.3315662582185218,0.37347801231995303
Cefuroxime,0.7710087299346924,0.8679067154380118,0.8954870648769193,0.7988373427858814,0.8104967507566915,0.7996526016951939,0.7855375006889945,0.6962662080778541,0.2915509885487559
Ciprofloxacin,0.8432614207267761,0.8633878441183637,0.9322935104033189,0.8941471179588859,0.8736936799751511,0.8846043751044939,0.8867979923078494,0.7776229908484813,0.4756557313878881
Gentamicin,0.724824070930481,0.9161505409463869,0.9272670314360539,0.7266274919254097,0.7763537748952037,0.741985174033249,0.7556380452007503,0.6668520098481677,0.2588671800742385
