Drug,Balanced Accuracy,Precision,Recall,F1 Score,Fbeta Score (beta=0.5),ROC AUC,Jaccard Score,MCC
Tetracycline,0.8726543248878499,0.7498436522826767,0.9658968850698174,0.8442671047999061,0.7849598463687151,0.8726543248878498,0.7305036555645816,0.7329325211669013
Gentamicin,0.9375477704240276,0.8971264367816092,0.8991935483870968,0.8981588032220944,0.8975390984360626,0.9375477704240277,0.8151436031331593,0.8743245500415151
