Drug,Balanced Accuracy,Precision,Recall,F1 Score,Fbeta Score (beta=0.5),ROC AUC,Jaccard Score,MCC
Tetracycline,0.9823867258986704,0.9856115107913669,0.9827833572453372,0.9841954022988506,0.9850445786597641,0.9823867258986704,0.9688826025459689,0.9644252583001103
Ampicillin,0.9645267956110745,0.9861014593467686,0.9347826086956522,0.9597565099763273,0.975391806433874,0.9645267956110746,0.922626788036411,0.9435981300842178
Amoxicillin-Clavulanic acid,0.9643190069205461,0.9829787234042553,0.9314516129032258,0.9565217391304348,0.9722222222222222,0.964319006920546,0.9166666666666666,0.9496460217965701
Cefoxitin,0.9666298927277293,0.8295454545454546,0.9605263157894737,0.8902439024390244,0.852803738317757,0.9666298927277294,0.8021978021978022,0.8769142323654772
Ceftiofur,0.5,0.0,0.0,0.0,0.0,0.5,0.0,0.0
Gentamicin,0.9542142345306049,0.9764150943396226,0.9118942731277533,0.9430523917995444,0.9627906976744186,0.9542142345306049,0.8922413793103449,0.9351679655807459
Ceftriaxone,0.509634450840481,0.5,0.020100502512562814,0.03864734299516908,0.08658008658008658,0.509634450840481,0.019704433497536946,0.09425027290306967
