class,balanced_acc,accuracy,precision,AUPRC,recall,f1,fbeta,roc_auc,jaccard,mcc
Gentamicin,0.8342063279728226,0.8906291365623474,0.953296586474548,0.9730182258363962,0.9143643488351636,0.932231547063202,0.9211730282221211,0.8968155045217381,0.8747687431736935,0.578962677037592
Tetracycline,0.8751202364695153,0.8809301495552063,0.8452854592759295,0.9024357049917315,0.8887994438557476,0.8634216970777997,0.8776353291110333,0.9218408382982795,0.7632362244074256,0.7548173822787592
