class,balanced_acc,accuracy,precision,AUPRC,recall,f1,fbeta,roc_auc,jaccard,mcc
Gentamicin,0.062387644337593834,0.052004296425535446,0.04548698714637178,0.01197842635086237,0.055089439513335454,0.03572917521681777,0.04578128429853434,0.02903831889392319,0.06364970076147158,0.15702748026903462
Tetracycline,0.05074454320400054,0.05791546519310205,0.07063996645969892,0.04489983375118221,0.08558433034749048,0.057831872267198645,0.06956153791786228,0.04872404448687452,0.08769052417354059,0.09540921668585219
