Metric,Mean,SD
valid_loss,0.276264113,0.082107217
masked_acc,0.885779645,0.029439058
masked_precision,0.896289187,0.044080198
masked_auprc,0.872056009,0.067099784
masked_recall,0.899899827,0.04741643
masked_f1,0.887552923,0.033263676
masked_fbeta,0.890688355,0.036984405
masked_auc,0.881730015,0.05069944
masked_jaccard,0.818051171,0.043686129
masked_hamming,0.114220356,0.029439058
masked_mcc,0.646620666,0.097079591
masked_balanced_acc,0.840172145,0.046477236
