class,accuracy,precision,AUPRC,recall,f1,fbeta,roc_auc,jaccard,mcc
Gentamicin,0.044448054720249625,0.05566593298572406,0.0377783247255083,0.06999220620764099,0.03454274362046672,0.05263992538307619,0.0969429538717582,0.05816506852350689,0.19049835694670295
Tetracycline,0.04186686139811644,0.07349048935394542,0.07873741124096646,0.13579283159509709,0.09852783384114198,0.11992130120668408,0.03846406796566637,0.12731811781960636,0.09821687270806863
