,Tetracycline,Gentamicin
Staphylococcus aureus,30.15996878657823,27.27272727272727
Salmonella enterica,0.0,0.0
Escherichia coli,85.97861842105263,1.274671052631579
