Species,Counts,Percentages
Salmonella enterica,5084,50.44151205476734
Staphylococcus aureus,2563,25.42911003075702
Escherichia coli,2432,24.12937791447564
