,Tetracycline (R+I)/S Ratio,Gentamicin (R+I)/S Ratio
Staphylococcus aureus,0.7566241413150148,0.6350877192982456
Salmonella enterica,1.2436010591350397,0.1575591985428051
Escherichia coli,2.1574074074074074,0.21508097165991902
