,Tetracycline,Ampicillin,Amoxicillin-Clavulanic acid,Cefoxitin,Ceftiofur,Gentamicin,Ceftriaxone,Chloramphenicol
(R+I)/S Ratio,1.2436010591350397,0.426887454392366,0.26973026973026976,0.17115871918912692,0.1668579297681891,0.1575591985428051,0.12155305537171851,0.0506302955156024
