class,accuracy,precision,AUPRC,recall,f1,fbeta,roc_auc,jaccard,mcc
Ciprofloxacin,0.08639418141897634,0.17026950166179974,0.2706041110719561,0.3666239563547128,0.36223271023973636,0.3634450620731039,0.10924461655003856,0.319231413554365,0.22094291621577
Clindamycin,0.09267123428859099,0.1263860955711771,0.13845245630594813,0.33514789536285106,0.29703997991079517,0.321490934049124,0.0778811512828223,0.28458565053447477,0.16065716644223205
Erythromycin,0.08610219092809186,0.08734435842544833,0.10898746686160955,0.22659211415065053,0.1474376273521241,0.19413536163834186,0.10962395175476257,0.16730835700206864,0.1692661049043371
Methicillin,0.03812002619001688,0.04054762175202951,0.1179368616892148,0.3653898992882556,0.3711914214270236,0.36913265367021286,0.03880942546010821,0.34552678417415766,0.28548013065091776
Penicillin,0.034281587680471445,0.32851157774543366,0.1320799287477622,0.362224421439829,0.33939251908217266,0.351367238618032,0.027826012666233885,0.284959537405461,0.2987762740396514
