Metric,Mean,SD
valid_loss,0.505001962,0.113945208
masked_acc,0.812313397,0.051221994
masked_precision,0.562383553,0.198090833
masked_auprc,0.565590331,0.112937169
masked_recall,0.556912352,0.25680903
masked_f1,0.535815466,0.233200907
masked_fbeta,0.542189465,0.244274648
masked_auc,0.689174936,0.042289321
masked_jaccard,0.605226905,0.145163377
masked_hamming,0.187686608,0.051221994
masked_mcc,0.252637832,0.115775306
