Metric,Mean,SD
Validation Loss,0.220421737,0.046183922
Accuracy,0.886932395,0.033470149
Precision,0.919930526,0.021888503
AUPRC,0.862085643,0.076001262
Recall,0.904841258,0.059422105
F1 score,0.901559943,0.043153723
Fbeta,0.900000084,0.052316165
ROC AUC,0.86339065,0.060865998
Jaccard,0.841223334,0.06672146
MCC,0.584605556,0.114498487
