class,accuracy,precision,AUPRC,recall,f1,fbeta,roc_auc,jaccard,mcc
Amoxicillin-Clavulanic acid,0.058692519794626696,0.04763214611764222,0.02976089532487938,0.1096614974977146,0.06915711592007727,0.0931414875131859,0.10095274654518331,0.1075268203169454,0.21786215913148857
Ampicillin,0.09368498712973275,0.04699927226487349,0.03988819913341492,0.20198484683728707,0.1317046867111977,0.17654238435852526,0.04583359182270487,0.18449371466533912,0.16663324999326148
Cefoxitin,0.07728346314763715,0.0895462092374405,0.04308530650684665,0.04539041821497723,0.06775459407225647,0.05430609407865217,0.05131865098697187,0.11348597887139447,0.16816697948858625
Ceftiofur,0.08580350443691574,0.08401405391445176,0.036132840859533874,0.06724355340667279,0.07530530904067852,0.07037638631448494,0.06563575102357773,0.12549645321205505,0.18875230549595717
Ceftriaxone,0.0918706411052027,0.027873488339677233,0.020391152125765664,0.10504752879289006,0.07030675310735718,0.09196424541251355,0.056265575185928604,0.11873104503631171,0.16002196161594356
Gentamicin,0.055472016557923186,0.015847916479844255,0.012523015285446262,0.07072833815951896,0.04268819443599383,0.05976514619844414,0.04533519556767147,0.0758061145751377,0.13087906903115454
Tetracycline,0.1439718259318161,0.18042105541339085,0.07411740469988053,0.13841963553997763,0.1180729591787746,0.11639066206301091,0.07345035793847775,0.15707724990185895,0.2248588962824147
